Marital status,Application mode,Application order,Course,Daytime/evening attendance	,Previous qualification,Previous qualification (grade),Nacionality,Mother's qualification,Father's qualification,Mother's occupation,Father's occupation,Admission grade,Displaced,Educational special needs,Debtor,Tuition fees up to date,Gender,Scholarship holder,Age at enrollment,International,Curricular units 1st sem (credited),Curricular units 1st sem (enrolled),Curricular units 1st sem (evaluations),Curricular units 1st sem (approved),Curricular units 1st sem (grade),Curricular units 1st sem (without evaluations),Curricular units 2nd sem (credited),Curricular units 2nd sem (enrolled),Curricular units 2nd sem (evaluations),Curricular units 2nd sem (approved),Curricular units 2nd sem (grade),Curricular units 2nd sem (without evaluations),Unemployment rate,Inflation rate,GDP,Target_encoded
1,44,1,9003,1,39,150.0,1,1,38,6,6,150.0,1,0,0,1,1,0,21,0,0,6,12,4,11.8,0,0,6,11,4,11.875,0,16.2,0.3,-0.92,1
1,39,1,9254,1,1,100.0,1,3,19,3,5,115.0,0,0,0,0,1,0,24,0,0,6,0,0,0.0,0,0,6,0,0,0.0,0,11.1,0.6,2.02,1
1,44,1,9085,1,39,140.0,1,3,1,2,3,140.0,1,0,0,1,0,0,19,0,0,6,10,5,12.666666666666666,0,0,6,19,4,11.75,0,12.4,0.5,1.79,2
1,1,2,9500,1,1,123.0,1,19,19,7,7,120.8,1,0,0,1,0,0,19,0,0,8,11,7,12.545714285714286,0,0,8,11,7,12.545714285714286,0,10.8,1.4,1.74,0
1,1,1,9670,1,1,132.0,1,1,19,7,5,129.9,1,0,0,1,1,0,20,0,0,6,10,6,12.714285714285714,0,0,6,8,4,13.0,0,12.4,0.5,1.79,2
1,43,1,8014,0,1,131.0,1,19,37,8,5,125.0,0,0,0,1,1,0,24,0,0,6,13,0,0.0,3,0,6,6,0,0.0,0,16.2,0.3,-0.92,1
1,18,4,9500,1,1,137.0,1,3,1,3,4,126.7,1,0,0,1,0,0,18,0,0,7,8,7,13.6875,0,0,8,9,8,15.622222222222222,0,13.9,-0.3,0.79,1
1,43,1,9070,1,1,150.0,1,3,39,3,7,126.4,0,0,0,1,1,0,26,0,5,7,8,7,13.285714285714286,0,3,8,11,7,12.142857142857142,0,12.4,0.5,1.79,2
1,7,2,9085,1,3,130.0,1,3,3,1,1,130.0,0,0,0,0,0,0,28,0,0,5,9,1,12.0,1,0,4,10,0,0.0,4,10.8,1.4,1.74,1
1,17,1,9085,1,1,133.1,1,37,37,9,9,99.0,1,0,0,1,0,1,23,0,0,6,6,6,14.666666666666666,0,0,6,8,6,12.428571428571429,0,8.9,1.4,3.51,0
1,17,1,9254,1,1,142.0,1,19,39,5,4,141.7,0,0,0,1,0,1,18,0,0,6,8,6,12.666666666666666,0,0,6,6,6,13.0,0,13.9,-0.3,0.79,0
1,39,2,9991,0,1,133.1,1,19,38,9,9,102.5,0,0,0,0,1,0,27,0,0,5,10,0,0.0,0,0,5,5,0,0.0,0,15.5,2.8,-4.06,1
1,39,1,9085,1,39,120.0,1,37,37,1,9,137.7,1,0,0,0,1,0,41,0,3,3,3,3,12.333333333333334,0,2,2,2,2,11.0,0,12.4,0.5,1.79,1
1,17,1,9556,1,1,140.0,1,3,3,1,7,131.6,1,0,0,1,1,0,19,0,0,7,0,0,0.0,0,0,7,0,0,0.0,0,11.1,0.6,2.02,1
1,17,1,9130,1,1,147.0,1,4,1,2,10,141.8,1,0,0,1,0,0,19,0,0,6,8,6,13.0,0,0,6,9,4,12.8,0,13.9,-0.3,0.79,0
1,17,2,9500,1,1,140.0,1,1,1,5,10,128.5,1,0,0,1,0,0,18,0,0,7,9,5,14.06,0,0,7,9,6,12.571428571428571,0,12.4,0.5,1.79,2
1,43,1,9500,1,1,150.0,1,37,37,9,9,130.8,1,0,0,1,0,1,21,0,0,8,8,7,14.428571428571429,0,0,8,8,7,14.428571428571429,0,12.7,3.7,-1.7,0
1,39,1,9773,1,12,120.0,1,1,1,9,9,129.8,1,0,0,1,1,0,52,0,0,6,7,5,13.0,0,0,6,6,6,15.0,0,9.4,-0.8,-3.12,0
1,17,2,9853,1,1,114.0,1,1,19,9,9,111.9,1,0,0,1,1,1,20,0,0,6,6,6,12.0,0,0,6,7,6,12.5,0,7.6,2.6,0.32,2
5,39,1,9003,1,1,133.1,1,37,37,9,7,110.0,0,0,1,0,0,0,28,0,0,6,17,5,13.0,0,0,6,11,4,11.75,0,13.9,-0.3,0.79,1
1,17,2,9500,1,1,127.0,1,3,3,1,10,118.8,1,0,0,1,1,0,19,0,0,7,9,6,12.933333333333332,0,0,7,7,6,13.716666666666669,0,16.2,0.3,-0.92,2
1,43,1,9991,0,1,140.0,1,37,37,9,9,135.8,1,0,0,1,1,0,25,0,14,15,16,15,10.8,0,13,14,14,14,11.357142857142858,0,9.4,-0.8,-3.12,0
2,39,1,9254,1,19,133.1,1,34,34,0,0,120.0,0,0,1,0,1,0,45,0,0,6,12,0,0.0,0,0,6,12,0,0.0,0,9.4,-0.8,-3.12,1
1,43,1,9070,1,39,130.0,1,19,37,5,9,124.0,1,0,0,1,0,1,21,0,4,12,12,12,13.333333333333334,0,5,12,12,11,12.545454545454543,0,15.5,2.8,-4.06,0
1,39,1,9254,1,1,160.0,1,19,37,7,10,100.0,0,0,0,1,1,0,26,0,0,6,7,6,12.0,0,0,6,8,5,10.8,0,12.7,3.7,-1.7,2
1,17,1,9853,1,1,133.1,1,34,19,0,3,117.1,1,0,0,1,0,1,21,0,0,6,12,0,0.0,0,0,6,12,0,0.0,0,7.6,2.6,0.32,1
2,39,1,8014,0,1,150.0,1,37,37,7,5,143.0,0,0,0,1,0,0,40,0,5,9,9,9,15.88888888888889,0,3,7,7,7,14.142857142857142,0,12.7,3.7,-1.7,0
1,1,1,171,1,1,148.0,1,3,2,4,2,131.6,1,0,0,1,0,0,21,0,6,12,12,8,13.875,0,4,11,13,9,12.7,1,8.9,1.4,3.51,1
1,1,1,9500,1,1,125.0,1,19,38,9,8,118.3,0,0,0,1,1,0,20,0,0,8,12,5,12.002,1,0,8,12,5,12.002,1,10.8,1.4,1.74,1
1,16,1,9556,1,1,137.0,1,37,37,9,7,122.7,1,0,0,1,0,1,18,0,0,7,7,7,15.285714285714286,0,0,8,8,8,16.075,0,12.4,0.5,1.79,0
1,17,1,9238,1,1,125.0,1,1,38,144,181,123.3,0,0,0,1,0,1,19,0,0,6,8,6,11.5,0,0,6,7,6,12.333333333333334,0,12.4,0.5,1.79,0
1,1,1,9085,1,1,140.0,6,1,19,4,7,131.6,1,0,0,1,0,0,20,1,0,7,9,6,14.714285714285714,0,1,7,16,6,13.2,0,12.4,0.5,1.79,2
1,39,1,9991,0,1,133.0,1,37,37,9,5,139.2,1,0,1,1,1,0,33,0,0,5,11,2,12.5,0,0,5,9,2,11.5,1,12.7,3.7,-1.7,1
1,17,2,9556,1,1,120.0,1,37,37,5,5,111.3,1,0,0,1,0,0,32,0,0,7,7,0,0.0,0,0,8,8,0,0.0,0,16.2,0.3,-0.92,1
1,1,1,9500,1,1,118.0,1,1,19,9,10,113.1,1,0,0,1,0,0,19,0,0,7,7,7,13.79857142857143,0,0,8,8,8,14.75625,0,11.1,0.6,2.02,0
2,39,1,9991,0,39,140.0,1,38,19,9,5,110.0,0,0,0,1,0,1,35,0,0,5,9,3,11.666666666666666,0,0,5,7,5,11.8,0,12.7,3.7,-1.7,2
1,39,1,9003,1,1,133.1,1,1,37,4,7,110.0,0,0,0,1,1,0,31,0,0,6,15,3,14.4,0,0,6,20,0,0.0,0,16.2,0.3,-0.92,1
1,1,3,9500,1,1,154.0,1,3,3,1,3,129.0,1,0,0,1,0,0,18,0,0,8,9,6,13.345,2,0,8,9,6,13.345,2,9.4,-0.8,-3.12,2
2,39,1,9085,1,1,133.1,1,36,36,99,5,128.2,0,0,0,0,0,1,28,0,0,5,14,1,12.0,3,0,5,5,0,0.0,5,9.4,-0.8,-3.12,1
1,17,2,9070,1,1,121.0,1,1,19,144,144,111.9,1,0,0,1,1,0,19,0,0,6,9,5,12.0,0,0,6,10,4,11.2,0,8.9,1.4,3.51,0
1,1,1,171,1,1,149.0,1,19,37,9,9,158.1,1,0,0,1,1,1,20,0,0,0,0,0,0.0,0,0,0,0,0,0.0,0,10.8,1.4,1.74,0
1,1,1,9773,1,1,132.0,1,2,1,9,9,126.4,1,1,0,1,0,1,18,0,0,6,9,6,11.166666666666666,0,0,6,11,5,12.4,0,10.8,1.4,1.74,0
1,39,1,8014,0,1,120.0,1,1,1,4,4,150.5,0,0,0,1,0,0,27,0,0,6,6,6,12.5,0,1,6,6,6,12.333333333333334,0,15.5,2.8,-4.06,0
1,7,1,9003,1,3,130.0,1,3,3,6,2,130.0,1,0,0,1,1,0,29,0,1,6,10,6,17.11111111111111,0,2,6,9,6,15.571428571428571,0,13.9,-0.3,0.79,0
1,42,1,9500,1,1,120.0,1,1,2,9,3,130.0,1,0,0,1,0,0,22,0,4,8,8,7,13.285714285714286,0,4,8,8,7,13.285714285714286,0,12.7,3.7,-1.7,0
4,7,1,9147,1,3,130.0,1,19,1,5,5,130.0,0,0,0,1,0,0,35,0,0,5,5,0,0.0,0,0,5,5,0,0.0,0,11.1,0.6,2.02,1
1,1,1,9670,1,1,131.0,1,37,37,9,9,123.0,1,0,0,1,0,1,18,0,0,5,6,3,11.666666666666666,0,0,5,6,4,13.5,0,7.6,2.6,0.32,2
1,17,4,9500,1,1,135.0,1,1,1,4,4,127.0,1,0,0,1,0,0,18,0,0,7,7,7,14.424285714285714,0,0,8,8,8,13.9375,0,11.1,0.6,2.02,0
1,1,1,9773,1,1,128.0,1,1,19,4,4,124.5,0,0,0,1,1,1,19,0,0,6,10,4,14.0,0,0,6,9,6,12.333333333333334,0,9.4,-0.8,-3.12,0
1,1,1,171,1,1,141.0,1,19,19,5,10,135.8,1,0,0,1,1,0,19,0,0,0,0,0,0.0,0,0,0,0,0,0.0,0,15.5,2.8,-4.06,1
1,1,6,9500,1,1,137.0,1,1,1,4,5,126.3,1,0,0,1,0,1,18,0,0,8,8,8,13.42375,0,0,8,8,8,13.42375,0,9.4,-0.8,-3.12,0
1,17,2,9070,1,1,136.0,1,19,38,4,7,140.9,1,0,0,1,0,0,19,0,0,6,6,6,14.333333333333334,0,0,6,6,6,13.5,0,9.4,-0.8,-3.12,0
1,44,1,9130,1,39,130.0,1,38,37,4,9,130.0,1,0,0,1,0,1,20,0,0,6,11,4,12.0,0,0,6,9,4,10.75,0,16.2,0.3,-0.92,2
1,1,1,9500,1,1,162.0,1,19,1,5,5,147.5,1,0,0,1,0,1,18,0,0,8,8,8,14.14125,0,0,8,8,8,14.14125,0,9.4,-0.8,-3.12,0
1,53,1,9670,1,42,140.0,1,19,37,3,6,140.0,1,0,1,1,0,0,21,0,0,6,12,1,12.0,0,0,6,11,1,11.0,0,8.9,1.4,3.51,2
1,1,1,9238,1,1,143.0,1,38,34,9,9,133.6,1,0,0,1,0,0,18,0,0,6,9,5,11.4,0,0,6,8,5,10.8,0,9.4,-0.8,-3.12,0
1,1,1,9500,1,1,138.0,1,1,1,3,4,132.5,1,0,0,1,0,0,18,0,0,8,8,7,14.115714285714288,0,0,8,8,7,14.115714285714288,0,10.8,1.4,1.74,0
1,39,1,9003,1,1,130.0,1,38,19,9,6,120.0,1,0,0,1,1,0,28,0,7,13,19,8,11.625,0,5,10,17,6,11.0,0,15.5,2.8,-4.06,2
1,1,1,9500,1,1,135.0,1,19,3,9,4,121.5,1,0,0,1,0,0,18,0,0,7,7,6,12.916666666666666,0,0,7,7,6,12.916666666666666,0,7.6,2.6,0.32,0
1,1,2,9085,1,1,160.0,1,4,19,2,5,162.1,1,0,0,1,0,0,18,0,0,5,8,5,16.166666666666668,2,0,5,9,5,14.285714285714286,1,9.4,-0.8,-3.12,0
1,1,1,9500,1,1,140.0,1,1,1,4,4,123.5,1,0,0,1,0,1,19,0,0,8,8,8,14.75,0,0,8,8,8,14.75,0,9.4,-0.8,-3.12,0
1,17,3,9119,1,1,138.0,1,1,19,4,3,125.4,1,0,0,1,1,1,18,0,0,5,9,4,12.25,0,0,5,9,3,12.333333333333334,0,8.9,1.4,3.51,1
1,44,1,9238,1,39,140.0,1,1,1,9,3,135.7,1,0,0,1,0,0,20,0,3,6,6,6,12.833333333333334,0,2,6,6,6,13.833333333333334,0,12.4,0.5,1.79,0
1,7,1,8014,0,3,120.0,1,19,37,5,3,121.3,0,0,0,1,0,0,32,0,7,11,13,11,13.454545454545457,0,5,11,13,7,12.428571428571429,0,12.7,3.7,-1.7,0
1,17,1,9773,1,1,125.0,1,3,3,2,3,118.0,1,0,0,1,1,0,19,0,0,6,12,4,10.8,0,0,6,14,3,11.0,0,13.9,-0.3,0.79,1
1,1,1,9238,1,1,141.0,1,37,37,4,4,138.9,0,0,0,1,0,0,21,0,0,6,7,6,13.333333333333334,0,0,6,6,6,14.5,0,10.8,1.4,1.74,0
1,1,1,9773,1,1,140.0,1,19,38,9,9,132.0,0,0,0,1,1,1,18,0,0,6,6,5,12.0,0,0,6,6,6,12.833333333333334,0,12.7,3.7,-1.7,0
1,17,1,9670,1,1,141.0,1,19,37,5,8,130.2,0,0,0,1,1,0,18,0,0,6,6,6,13.5,0,0,6,0,0,0.0,0,12.7,3.7,-1.7,1
1,7,1,9991,0,40,133.1,1,1,37,4,1,100.0,0,0,0,1,0,0,26,0,8,9,11,9,12.333333333333334,0,4,7,7,7,12.571428571428571,0,12.4,0.5,1.79,0
1,1,4,9773,1,1,133.0,1,19,19,7,7,134.4,1,0,0,1,1,1,20,0,0,6,6,6,12.166666666666666,0,0,6,8,4,12.75,0,9.4,-0.8,-3.12,0
1,1,2,9238,1,1,100.0,1,38,1,7,7,99.3,1,0,0,1,0,0,21,0,0,6,8,5,12.4,0,0,6,6,6,12.0,0,12.4,0.5,1.79,0
1,1,1,9500,1,1,132.0,1,19,37,4,9,128.0,1,0,0,1,0,1,19,0,0,7,7,6,12.966666666666669,0,0,7,7,6,12.966666666666669,0,7.6,2.6,0.32,0
1,1,2,9147,1,1,121.0,1,19,19,9,9,126.3,1,0,0,1,0,0,20,0,0,5,12,1,10.0,2,0,5,5,0,0.0,0,12.7,3.7,-1.7,1
1,39,1,9991,0,1,133.1,1,37,37,9,9,109.7,0,0,0,1,0,0,29,0,0,5,0,0,0.0,0,0,5,0,0,0.0,0,16.2,0.3,-0.92,1
1,39,1,9670,1,1,120.0,1,11,11,90,4,114.0,1,0,0,1,1,0,29,0,0,5,10,3,11.666666666666666,0,0,5,8,4,11.25,0,7.6,2.6,0.32,1
1,43,1,9070,1,1,141.0,1,1,19,5,10,127.0,0,0,0,1,0,0,20,0,0,6,6,5,12.4,0,0,6,9,5,12.4,0,12.7,3.7,-1.7,0
1,7,1,9991,0,3,130.0,1,19,19,3,9,130.0,0,0,0,0,1,0,32,0,0,5,12,4,14.75,0,0,5,9,2,15.0,0,16.2,0.3,-0.92,1
1,1,1,9670,1,1,137.0,1,38,37,9,9,122.3,0,0,0,1,1,1,18,0,0,6,7,6,13.571428571428571,0,0,6,6,6,14.333333333333334,0,12.4,0.5,1.79,0
1,18,4,9147,1,1,130.0,1,37,37,9,9,119.9,1,0,0,0,0,0,34,0,0,5,5,0,0.0,0,0,5,0,0,0.0,0,9.4,-0.8,-3.12,1
1,39,1,9085,1,1,110.0,1,1,1,5,5,160.0,1,0,1,1,0,0,30,0,0,6,7,6,16.428571428571427,0,0,6,7,6,16.666666666666668,0,13.9,-0.3,0.79,1
1,44,1,9070,1,39,120.0,1,19,1,9,3,120.0,1,0,0,1,1,0,23,0,2,7,8,5,12.2,0,5,9,10,7,12.142857142857142,1,16.2,0.3,-0.92,1
2,1,1,9556,1,1,144.0,1,19,19,193,144,139.8,0,0,1,1,1,0,24,0,0,7,7,7,12.271428571428572,0,0,8,10,7,13.657142857142857,0,10.8,1.4,1.74,0
1,17,1,171,1,1,143.0,1,19,37,5,9,156.3,1,0,0,1,1,1,19,0,0,0,0,0,0.0,0,0,0,0,0,0.0,0,11.1,0.6,2.02,0
1,1,1,9238,1,1,138.0,1,19,38,5,8,133.5,0,0,0,1,0,1,19,0,0,6,6,6,15.0,0,0,6,6,6,13.333333333333334,0,8.9,1.4,3.51,0
1,17,1,9254,1,1,125.0,1,1,19,4,7,116.6,0,0,0,1,1,1,19,0,0,6,8,5,12.666666666666666,0,0,6,10,6,12.857142857142858,0,16.2,0.3,-0.92,0
1,17,1,9773,1,1,120.0,1,19,38,9,7,117.9,1,0,0,1,0,1,21,0,0,6,6,5,13.0,0,0,6,7,6,12.833333333333334,0,8.9,1.4,3.51,0
2,39,1,9991,0,1,110.0,1,37,37,9,10,150.0,0,0,0,1,1,0,49,0,0,5,6,5,12.2,0,0,5,9,5,11.8,0,15.5,2.8,-4.06,0
1,39,1,9991,0,1,110.0,1,37,37,9,9,121.8,0,0,0,0,1,0,36,0,0,5,5,0,0.0,0,0,5,5,0,0.0,0,12.7,3.7,-1.7,1
1,1,1,9500,1,1,143.0,1,3,19,3,10,126.8,0,0,0,1,1,0,19,0,0,8,8,7,14.535714285714286,0,0,8,8,7,14.535714285714286,0,10.8,1.4,1.74,0
1,1,1,9130,1,1,137.0,1,40,19,2,9,130.7,1,0,0,1,0,0,18,0,0,6,8,5,14.4,0,0,6,11,4,14.6,0,8.9,1.4,3.51,1
4,39,1,9500,1,1,133.1,1,1,19,3,3,154.3,0,0,0,1,0,0,32,0,0,7,0,0,0.0,0,0,8,0,0,0.0,0,12.4,0.5,1.79,1
1,7,1,9500,1,3,140.0,1,3,19,2,6,140.0,0,0,0,1,1,0,27,0,0,7,0,0,0.0,0,0,8,0,0,0.0,0,12.4,0.5,1.79,1
1,17,1,9147,1,1,114.0,1,19,19,9,7,107.7,0,0,0,1,0,0,19,0,0,5,7,2,10.0,0,0,5,11,2,14.0,0,10.8,1.4,1.74,1
1,17,4,9119,1,1,138.0,1,1,3,1,4,127.5,1,0,0,1,1,0,19,0,0,5,6,5,14.6,0,0,5,5,5,15.2,0,8.9,1.4,3.51,1
1,39,1,9003,1,1,130.0,1,38,37,7,7,120.0,0,0,0,1,1,0,32,0,12,18,25,18,13.736842105263158,0,10,13,15,12,13.75,1,15.5,2.8,-4.06,0
1,39,2,9147,1,1,130.0,1,19,19,5,9,121.5,0,0,0,0,1,0,26,0,0,5,5,2,10.5,0,0,5,9,0,0.0,0,10.8,1.4,1.74,1
1,1,3,9773,1,1,110.0,1,19,19,5,5,105.5,1,0,0,1,0,0,19,0,0,6,6,6,13.0,0,0,6,8,5,12.4,0,12.4,0.5,1.79,0
2,51,1,9991,0,1,127.0,1,37,37,8,4,100.1,0,0,0,1,0,0,31,0,1,5,5,5,14.0,0,0,5,5,5,13.8,0,8.9,1.4,3.51,0
1,17,1,9147,1,1,127.0,1,1,37,4,8,121.1,1,0,0,1,1,1,20,0,0,5,11,4,12.0,0,0,5,5,5,12.8,0,11.1,0.6,2.02,0
1,1,4,9147,1,1,126.0,1,1,19,4,8,120.1,1,0,0,1,0,0,19,0,0,5,7,5,12.4,0,0,5,5,5,14.6,0,8.9,1.4,3.51,0
2,39,1,9991,0,1,140.0,1,37,12,9,9,150.0,0,0,1,1,1,0,35,0,0,5,6,5,10.8,0,0,5,7,5,12.0,2,9.4,-0.8,-3.12,1
1,39,1,9556,1,1,130.0,1,19,38,9,8,113.3,0,0,0,1,0,0,24,0,0,7,15,5,12.4,0,0,8,14,7,12.15,0,12.4,0.5,1.79,2
1,1,2,9070,1,1,129.0,1,1,1,4,9,132.9,1,0,0,1,1,1,20,0,0,6,9,6,11.375,0,0,6,6,5,13.8,0,7.6,2.6,0.32,2
1,1,1,9254,1,1,111.0,1,1,1,3,3,112.4,1,0,0,1,1,0,20,0,0,6,10,6,12.333333333333334,0,0,6,9,4,13.0,0,12.4,0.5,1.79,0
1,18,2,9853,1,1,120.0,1,19,37,9,4,113.7,1,0,1,0,0,0,19,0,0,7,11,5,12.2,0,0,7,13,0,0.0,0,12.4,0.5,1.79,1
1,1,1,9119,1,1,148.0,1,19,38,9,7,133.0,0,0,0,1,1,0,18,0,0,5,12,5,13.285714285714286,0,0,5,16,5,14.8,0,12.4,0.5,1.79,1
1,16,4,9238,1,1,135.0,1,37,37,9,9,121.0,1,0,0,1,0,0,18,0,0,6,8,5,13.0,0,0,6,7,6,11.833333333333334,0,10.8,1.4,1.74,0
1,51,1,9070,1,1,122.0,1,38,38,9,9,128.8,1,0,0,1,1,0,21,0,4,12,13,5,13.2,0,4,12,12,4,13.5,0,8.9,1.4,3.51,1
1,39,1,9003,1,1,130.0,1,19,19,9,1,140.0,0,0,0,1,0,0,26,0,6,12,13,6,13.0,0,4,12,14,11,13.833333333333334,0,15.5,2.8,-4.06,0
1,17,4,9853,1,1,140.0,1,19,38,4,1,128.5,1,0,0,1,0,0,18,0,0,6,7,6,11.666666666666666,0,0,6,10,6,11.833333333333334,0,10.8,1.4,1.74,0
1,18,4,9119,1,1,134.0,1,19,38,194,175,124.9,1,0,1,1,1,0,18,0,0,5,11,3,10.666666666666666,0,0,5,9,3,11.333333333333334,0,8.9,1.4,3.51,2
1,1,1,9500,1,1,110.0,1,19,19,9,7,105.8,1,0,0,1,1,0,22,0,0,7,8,6,14.333333333333334,0,0,8,9,7,13.771428571428572,0,11.1,0.6,2.02,0
1,39,1,9991,0,1,133.1,1,37,1,5,4,151.2,0,0,0,1,1,0,25,0,0,5,11,4,11.5,0,0,5,11,3,13.5,0,12.4,0.5,1.79,1
1,17,1,9147,1,1,118.0,1,19,19,9,9,122.2,0,0,0,1,0,0,19,0,0,5,11,3,10.666666666666666,0,0,5,9,4,10.25,0,11.1,0.6,2.02,0
1,1,3,9147,1,1,131.0,1,19,38,9,7,132.4,1,0,0,1,0,0,19,0,0,5,5,5,11.8,0,0,5,8,4,11.25,0,9.4,-0.8,-3.12,2
1,17,1,9500,1,1,130.0,1,19,1,9,7,130.4,1,0,0,1,0,1,19,0,0,7,7,7,13.894285714285711,0,0,8,8,8,14.3625,0,11.1,0.6,2.02,0
1,39,1,9119,1,3,130.0,1,3,3,3,10,147.6,0,0,0,1,1,0,31,0,0,5,0,0,0.0,0,0,5,0,0,0.0,0,10.8,1.4,1.74,1
1,17,4,9254,1,1,125.0,1,38,38,5,5,115.6,1,0,0,1,0,0,20,0,0,6,6,6,11.0,0,0,6,8,4,12.75,0,9.4,-0.8,-3.12,0
1,17,1,9238,1,1,136.0,1,38,1,9,4,129.7,0,0,0,1,0,0,19,0,0,6,6,6,12.166666666666666,0,0,6,7,6,13.714285714285714,0,15.5,2.8,-4.06,0
1,1,2,9085,1,1,148.0,1,38,19,4,9,134.7,1,0,0,1,0,0,18,0,0,6,6,6,17.0,0,0,6,6,6,15.5,0,8.9,1.4,3.51,0
1,1,1,9238,1,1,131.0,1,37,1,9,9,135.9,1,0,0,1,0,0,18,0,0,6,8,5,13.2,0,0,6,6,6,11.333333333333334,0,9.4,-0.8,-3.12,0
1,1,3,9500,1,1,147.0,1,37,38,9,5,134.8,1,0,0,1,0,0,18,0,0,7,7,6,14.016666666666666,0,0,7,7,6,14.016666666666666,0,7.6,2.6,0.32,0
1,1,2,9254,1,1,137.0,1,38,19,9,7,125.1,1,0,0,1,0,0,18,0,0,6,10,4,11.75,0,0,6,9,5,11.2,0,7.6,2.6,0.32,2
1,1,5,9147,1,1,134.0,1,3,2,2,2,134.7,0,0,0,1,1,0,22,0,1,5,10,4,11.75,0,0,5,10,3,11.0,0,7.6,2.6,0.32,2
1,1,1,9130,1,1,126.0,1,19,1,9,9,122.5,1,0,0,0,0,0,25,0,0,5,14,4,13.5,2,0,5,10,4,14.25,0,9.4,-0.8,-3.12,1
1,43,1,8014,0,1,133.1,1,3,3,2,3,135.0,0,0,0,1,0,0,27,0,7,10,10,9,11.444444444444445,0,4,11,11,5,10.8,0,10.8,1.4,1.74,1
1,1,1,9500,1,1,150.0,1,1,1,5,1,155.6,0,0,0,1,0,0,19,0,0,7,7,7,14.3,0,0,8,9,8,14.055555555555555,0,16.2,0.3,-0.92,0
1,17,3,9773,1,1,134.0,1,2,1,3,3,129.5,1,0,0,1,1,0,18,0,0,6,7,6,13.166666666666666,0,0,6,7,6,12.666666666666666,0,16.2,0.3,-0.92,0
1,1,3,9254,1,1,122.0,1,19,38,3,10,114.3,1,0,0,1,0,1,20,0,0,6,8,5,12.8,0,0,6,9,5,12.8,0,12.4,0.5,1.79,2
1,7,1,9130,1,3,140.0,1,19,38,9,9,140.0,1,0,0,1,0,0,23,0,0,6,0,0,0.0,0,0,6,0,0,0.0,0,12.4,0.5,1.79,1
1,17,5,9773,1,1,134.0,1,1,19,9,5,121.8,1,0,0,1,1,0,19,0,0,6,6,6,13.166666666666666,0,0,6,8,6,12.428571428571429,0,16.2,0.3,-0.92,0
2,39,1,8014,0,1,133.1,1,37,37,5,4,134.5,0,0,0,1,0,0,45,0,0,6,8,5,13.6,0,0,6,7,5,13.0,0,15.5,2.8,-4.06,2
1,42,1,9500,1,1,168.0,1,37,1,9,4,133.4,1,0,0,1,0,0,23,0,20,26,27,26,15.07777777777778,0,14,17,17,17,15.023529411764704,0,15.5,2.8,-4.06,0
1,17,2,9254,1,1,118.0,22,19,37,9,9,110.3,1,0,0,0,0,0,18,1,0,6,7,5,12.6,0,0,6,6,5,11.8,0,11.1,0.6,2.02,2
1,1,2,9991,0,1,123.0,1,1,3,4,2,113.2,0,0,0,0,1,0,22,0,0,5,7,3,11.666666666666666,0,0,5,8,2,10.5,2,7.6,2.6,0.32,1
1,1,6,9500,1,1,129.0,1,37,19,9,7,127.8,1,0,0,1,0,0,19,0,0,8,10,6,13.78,1,0,8,10,6,13.78,1,9.4,-0.8,-3.12,1
1,1,2,9773,1,1,116.0,1,19,19,4,7,110.1,1,0,0,1,0,0,18,0,0,6,6,6,13.333333333333334,0,0,6,6,6,12.0,0,11.1,0.6,2.02,0
1,17,3,9853,1,1,140.0,1,38,38,5,7,126.7,1,0,0,1,0,0,19,0,0,6,9,5,12.4,0,0,6,10,3,10.666666666666666,0,10.8,1.4,1.74,1
1,39,1,9254,1,1,150.0,1,3,1,3,4,122.3,0,0,0,1,1,0,28,0,0,6,10,6,13.0,0,0,6,8,5,12.2,0,13.9,-0.3,0.79,0
1,1,2,9853,1,1,127.0,1,37,19,9,8,137.5,1,0,0,1,0,0,21,0,0,6,7,6,13.428571428571429,0,0,6,8,6,13.142857142857142,0,7.6,2.6,0.32,0
1,1,1,9670,1,1,95.0,1,37,37,5,8,95.0,0,0,0,0,1,0,21,0,0,6,9,4,13.25,0,0,6,6,5,11.0,0,12.7,3.7,-1.7,1
1,39,1,9991,0,12,133.1,1,37,37,9,9,121.5,0,0,0,1,1,0,38,0,0,5,11,2,10.5,0,0,5,9,3,11.333333333333334,1,7.6,2.6,0.32,2
1,44,1,9238,1,39,140.0,1,38,19,5,0,141.8,0,0,0,1,0,0,21,0,3,6,7,6,12.571428571428571,0,2,6,6,6,13.5,0,12.4,0.5,1.79,0
1,17,4,9773,1,1,137.0,1,1,1,5,5,125.8,0,0,1,1,1,0,20,0,0,6,7,5,12.2,0,0,6,6,6,12.333333333333334,0,12.7,3.7,-1.7,1
1,42,1,9003,1,1,130.0,1,3,2,2,6,105.3,0,0,0,0,1,0,36,0,0,6,8,0,0.0,0,0,6,10,0,0.0,0,16.2,0.3,-0.92,1
1,17,2,9500,1,1,135.0,1,19,19,9,10,133.4,1,0,0,1,0,0,19,0,0,7,7,7,14.125714285714285,0,0,8,8,8,14.36875,0,11.1,0.6,2.02,0
5,39,1,9853,1,19,133.1,1,38,1,5,3,105.5,0,0,1,1,0,0,33,0,0,6,7,5,13.2,0,0,6,7,5,10.6,0,7.6,2.6,0.32,1
1,1,1,9773,1,1,111.0,1,19,19,9,9,110.0,1,0,0,1,0,0,18,0,0,6,6,5,12.6,0,0,6,8,6,12.0,0,11.1,0.6,2.02,0
2,39,1,9773,1,19,133.1,1,37,37,6,6,162.0,0,0,1,1,1,1,49,0,0,6,8,6,12.285714285714286,0,0,6,7,6,14.166666666666666,0,10.8,1.4,1.74,0
1,1,1,9085,1,1,149.0,1,38,37,5,5,137.1,1,0,0,1,0,1,18,0,0,5,7,4,13.25,0,0,5,5,5,12.0,0,10.8,1.4,1.74,0
1,39,1,9853,1,1,140.0,1,19,1,9,4,128.2,0,0,0,0,0,0,30,0,0,6,0,0,0.0,0,0,6,0,0,0.0,0,12.7,3.7,-1.7,1
1,17,3,9119,1,1,117.0,1,1,2,3,2,119.8,1,0,0,1,1,0,19,0,0,5,10,2,11.0,0,0,6,10,0,0.0,0,11.1,0.6,2.02,1
1,17,2,9147,1,1,118.0,1,19,1,9,3,113.5,1,0,1,1,0,0,20,0,0,5,10,2,11.5,0,0,5,8,3,10.0,0,11.1,0.6,2.02,2
1,7,1,9500,1,3,130.0,1,19,38,5,3,130.0,0,0,0,1,0,0,23,0,0,8,8,8,13.22,0,0,8,8,8,13.22,0,9.4,-0.8,-3.12,0
1,17,1,9238,1,1,116.0,1,1,1,3,3,119.2,1,0,0,1,0,1,18,0,0,6,6,6,14.0,0,0,6,6,6,13.5,0,8.9,1.4,3.51,0
1,17,1,9500,1,1,148.0,1,1,37,9,7,143.3,0,0,0,1,0,1,18,0,0,7,7,7,13.44285714285714,0,0,8,8,8,15.075,0,13.9,-0.3,0.79,0
1,1,4,9147,1,1,133.1,1,1,19,4,6,106.0,1,0,0,1,0,0,24,0,0,5,11,2,10.5,0,0,5,14,1,11.0,0,12.7,3.7,-1.7,2
1,1,1,9130,1,1,132.0,1,19,38,9,9,130.4,1,0,0,1,1,0,18,0,0,6,6,6,13.5,0,0,6,9,5,13.2,0,8.9,1.4,3.51,0
1,1,1,9773,1,1,125.0,1,3,2,2,1,119.1,1,0,0,1,0,0,22,0,0,6,13,2,12.0,0,0,6,14,1,10.0,0,9.4,-0.8,-3.12,1
1,1,1,171,1,1,133.1,1,3,1,2,4,128.2,1,0,0,1,0,0,20,0,5,12,13,12,11.23076923076923,0,3,11,18,9,12.77777777777778,0,11.1,0.6,2.02,0
1,17,1,9500,1,1,145.0,1,3,3,2,3,141.8,0,0,0,1,0,0,19,0,0,8,8,8,13.3475,0,0,8,8,8,13.3475,0,9.4,-0.8,-3.12,0
1,43,1,9147,1,1,127.0,25,1,5,9,10,124.2,1,0,0,1,1,0,23,1,0,5,6,1,10.0,0,0,5,5,0,0.0,0,15.5,2.8,-4.06,2
1,17,1,9238,1,1,130.0,1,37,37,9,9,122.0,1,0,0,1,0,1,21,0,0,6,8,1,10.0,0,0,6,13,5,11.4,0,12.7,3.7,-1.7,2
4,39,1,9254,1,1,140.0,1,38,37,9,9,112.0,0,0,1,1,0,0,45,0,4,10,12,5,12.166666666666666,4,2,8,8,0,0.0,2,12.7,3.7,-1.7,1
1,1,1,9070,1,1,141.0,1,37,37,9,9,126.7,1,0,1,1,0,1,20,0,0,6,9,6,13.333333333333334,0,0,6,10,6,14.666666666666666,0,12.7,3.7,-1.7,0
1,17,1,9254,1,1,140.0,1,3,1,2,3,129.9,0,0,0,1,0,1,19,0,0,6,15,6,11.333333333333334,0,0,6,9,3,12.666666666666666,0,9.4,-0.8,-3.12,0
1,17,1,9773,1,1,177.0,1,2,1,123,135,155.7,0,0,1,1,0,1,18,0,0,6,6,6,15.666666666666666,0,0,6,6,6,13.833333333333334,0,8.9,1.4,3.51,0
1,1,1,9670,1,1,127.0,1,1,37,4,9,128.1,0,0,0,1,1,0,19,0,0,5,8,4,12.5,0,0,5,6,4,11.0,0,7.6,2.6,0.32,2
1,1,1,9670,1,1,124.0,1,2,2,3,3,124.7,1,0,0,1,1,0,21,0,0,5,7,3,11.0,0,0,5,5,4,12.75,0,7.6,2.6,0.32,1
1,18,3,9070,1,1,142.0,1,1,37,4,7,130.8,1,0,0,0,1,0,19,0,0,6,0,0,0.0,0,0,6,0,0,0.0,0,12.7,3.7,-1.7,1
1,1,2,9773,1,1,146.0,1,3,1,1,3,149.2,1,0,0,1,0,0,18,0,0,6,11,4,12.25,0,0,6,10,3,11.666666666666666,0,9.4,-0.8,-3.12,0
1,1,6,9773,1,1,133.1,1,1,37,3,3,100.0,1,0,1,0,0,0,20,0,0,4,4,0,0.0,0,0,5,5,0,0.0,0,12.4,0.5,1.79,1
1,1,2,9254,1,1,120.0,1,37,37,9,9,115.1,1,0,0,0,1,0,21,0,0,6,11,3,11.0,0,0,6,14,0,0.0,0,9.4,-0.8,-3.12,1
1,43,4,9500,1,6,134.0,1,37,37,9,9,129.8,1,0,0,1,0,0,20,0,0,7,7,6,14.85,0,0,7,7,6,14.85,0,7.6,2.6,0.32,0
1,39,1,9991,0,1,140.0,1,1,37,9,8,154.5,0,0,0,1,0,0,26,0,0,1,2,0,0.0,0,0,5,8,0,0.0,0,16.2,0.3,-0.92,1
1,17,1,9147,1,1,120.0,1,3,38,3,7,124.2,1,0,0,1,1,0,18,0,0,5,13,5,12.0,0,0,5,9,4,11.4,0,13.9,-0.3,0.79,2
4,42,1,9500,1,19,133.1,1,1,1,5,5,126.0,1,0,0,1,1,0,29,0,2,7,10,5,11.9,0,1,8,10,5,11.0,0,13.9,-0.3,0.79,1
1,44,1,9085,1,39,160.0,1,12,38,4,8,160.0,1,0,0,1,1,0,23,0,1,6,10,5,12.5,0,1,6,8,2,13.5,0,12.4,0.5,1.79,1
2,39,2,9556,1,1,133.1,105,1,3,9,2,152.8,1,0,0,1,0,0,28,1,0,7,9,7,12.428571428571429,0,0,8,8,8,12.3,0,12.4,0.5,1.79,2
1,39,1,33,1,1,130.0,1,38,37,9,6,102.5,0,0,1,0,1,0,37,0,0,7,7,0,0.0,0,0,7,7,1,10.0,0,8.9,1.4,3.51,1
1,17,1,9670,1,1,132.0,1,19,1,5,4,119.1,0,0,1,1,1,0,18,0,0,6,6,3,12.666666666666666,0,0,6,11,4,11.142857142857142,0,10.8,1.4,1.74,1
1,17,1,9254,1,1,102.0,1,37,37,7,7,102.0,0,0,0,1,0,0,19,0,0,6,8,5,11.8,0,0,6,8,5,11.6,0,10.8,1.4,1.74,0
1,18,1,9500,1,1,140.0,1,37,38,5,7,126.0,1,0,0,1,0,0,18,0,0,8,8,7,13.314285714285717,0,0,8,8,7,13.314285714285717,0,12.7,3.7,-1.7,0
2,39,1,9003,1,1,120.0,1,37,37,9,9,125.7,0,0,1,0,0,0,43,0,0,6,10,4,12.25,0,0,6,13,4,10.5,0,8.9,1.4,3.51,1
1,17,2,9147,1,1,129.0,1,2,3,2,2,128.3,1,0,0,1,0,0,19,0,0,5,10,3,11.0,0,0,5,9,4,11.75,0,12.7,3.7,-1.7,2
1,1,3,9773,1,1,138.0,1,3,1,2,3,135.9,1,0,0,1,0,0,18,0,0,6,7,6,14.857142857142858,0,0,6,6,6,14.666666666666666,0,13.9,-0.3,0.79,0
1,43,1,9254,1,1,110.0,1,12,19,9,9,125.0,0,0,0,0,1,0,31,0,3,8,19,5,12.166666666666666,0,3,7,12,5,12.0,0,7.6,2.6,0.32,1
1,18,2,9556,1,1,126.0,1,3,3,2,2,115.5,0,0,0,1,1,0,18,0,0,7,11,6,13.433333333333332,0,0,7,10,4,13.6,0,8.9,1.4,3.51,0
1,1,2,9670,1,1,111.0,1,19,19,9,9,114.2,1,0,0,1,0,0,18,0,0,6,9,4,13.2,0,0,6,10,5,12.8,0,12.4,0.5,1.79,0
2,39,1,9119,1,1,120.0,1,37,38,9,10,145.4,0,0,1,1,1,0,40,0,0,5,11,3,10.666666666666666,0,0,5,5,2,12.5,0,16.2,0.3,-0.92,1
1,1,4,9500,1,1,148.0,1,19,19,4,5,137.0,1,0,0,1,0,0,18,0,0,8,8,8,14.25,0,0,8,8,8,14.25,0,9.4,-0.8,-3.12,0
1,17,1,9670,1,1,125.0,1,37,37,9,9,121.5,1,0,0,1,1,1,21,0,0,6,8,4,14.75,0,0,6,6,5,11.8,0,12.7,3.7,-1.7,0
1,1,2,9085,1,1,157.0,1,3,3,5,2,153.9,1,0,0,1,0,0,18,0,0,6,7,6,16.571428571428573,0,0,6,6,6,15.666666666666666,0,13.9,-0.3,0.79,0
1,17,6,9500,1,1,148.0,1,1,19,3,3,131.7,1,0,0,1,0,0,19,0,0,7,8,5,14.0,0,0,7,7,0,0.0,0,13.9,-0.3,0.79,1
1,1,3,9147,1,1,128.0,1,3,3,5,10,116.5,0,0,0,1,1,0,20,0,0,5,7,5,11.6,0,0,5,5,5,12.8,0,12.4,0.5,1.79,0
1,1,1,171,1,1,137.0,1,1,38,4,5,130.4,1,0,0,1,1,0,19,0,0,0,0,0,0.0,0,0,0,0,0,0.0,0,15.5,2.8,-4.06,0
1,7,1,9991,0,40,150.0,1,37,37,6,6,150.0,1,0,0,1,1,0,44,0,3,7,9,7,13.5,0,0,5,6,5,16.2,0,8.9,1.4,3.51,1
1,39,1,9670,1,1,120.0,1,1,19,4,5,100.0,0,0,0,1,0,1,25,0,0,5,7,4,10.5,0,0,5,7,5,11.6,0,9.4,-0.8,-3.12,0
2,39,1,9500,1,1,133.1,1,37,38,9,8,118.9,0,0,0,1,0,0,30,0,0,7,0,0,0.0,0,0,8,0,0,0.0,0,13.9,-0.3,0.79,1
1,17,1,9670,1,1,138.0,1,1,1,4,8,123.0,0,0,1,0,1,0,20,0,0,6,7,5,12.4,0,0,6,8,4,13.0,0,13.9,-0.3,0.79,2
1,1,1,9853,1,1,128.0,1,38,37,9,9,124.9,0,0,0,1,0,1,19,0,0,6,6,6,12.5,0,0,6,6,6,12.833333333333334,0,12.7,3.7,-1.7,0
1,1,1,9254,1,1,125.0,1,37,37,3,3,124.0,0,0,0,1,1,1,19,0,0,6,7,6,11.0,0,0,6,6,5,12.2,0,11.1,0.6,2.02,1
1,43,1,9147,1,1,140.0,1,37,37,6,6,122.9,0,0,0,1,0,0,55,0,0,5,10,1,10.0,0,0,5,8,2,12.0,2,16.2,0.3,-0.92,1
1,1,4,9238,1,1,123.0,1,38,1,4,10,129.0,1,0,0,1,0,0,19,0,0,6,8,6,11.666666666666666,0,0,6,6,6,12.333333333333334,0,10.8,1.4,1.74,0
1,1,1,9147,1,1,118.0,1,1,1,9,9,111.0,0,0,0,0,1,0,21,0,0,5,7,2,11.0,0,0,5,9,3,11.428571428571429,0,10.8,1.4,1.74,1
1,15,1,9085,1,1,133.1,41,3,3,4,2,101.3,0,0,0,1,0,0,18,1,0,6,13,6,13.0,0,0,6,15,6,12.25,0,11.1,0.6,2.02,0
1,1,1,9670,1,1,125.0,1,19,1,7,4,122.6,0,0,0,1,1,0,21,0,0,5,7,5,11.166666666666666,0,0,5,5,4,11.0,0,9.4,-0.8,-3.12,1
1,17,1,9147,1,1,134.0,1,19,38,4,8,129.5,0,0,0,1,0,1,18,0,0,5,5,5,11.6,0,0,5,12,4,12.625,0,10.8,1.4,1.74,0
1,43,1,9500,1,1,120.0,1,3,4,2,4,120.6,0,0,0,1,1,0,18,0,0,7,12,4,12.65,0,0,7,10,3,10.666666666666666,0,16.2,0.3,-0.92,1
1,17,2,9254,1,1,143.0,1,1,19,4,6,135.0,0,0,0,1,0,0,20,0,0,6,0,0,0.0,0,0,6,0,0,0.0,0,11.1,0.6,2.02,1
1,42,1,9147,1,1,139.0,1,3,38,2,5,112.3,1,0,0,1,0,0,19,0,0,5,8,2,11.5,0,0,5,10,3,10.857142857142858,0,10.8,1.4,1.74,2
1,1,1,9773,1,1,133.1,1,1,3,9,9,116.0,0,0,0,1,1,0,20,0,0,6,8,6,11.5,0,0,6,8,6,11.0,0,16.2,0.3,-0.92,0
1,17,1,171,1,1,142.0,1,37,37,9,9,132.9,0,0,0,1,1,0,22,0,0,0,0,0,0.0,0,0,0,0,0,0.0,0,12.7,3.7,-1.7,0
1,7,1,9003,1,3,130.0,1,1,19,5,9,130.0,0,0,0,1,1,0,27,0,0,6,8,0,0.0,0,0,6,10,0,0.0,0,16.2,0.3,-0.92,1
1,18,2,9500,1,1,135.0,1,38,37,9,5,125.3,1,0,0,1,0,1,18,0,0,8,8,7,11.785714285714286,0,0,8,8,7,11.785714285714286,0,12.7,3.7,-1.7,0
1,1,2,9500,1,1,133.1,1,19,38,7,9,125.5,1,0,0,1,0,1,21,0,0,7,9,7,13.2,0,0,8,9,7,13.2575,0,15.5,2.8,-4.06,0
1,1,1,9670,1,1,140.0,1,19,19,5,9,131.3,1,0,0,1,0,1,18,0,0,6,6,6,13.5,0,0,6,9,6,13.666666666666666,0,10.8,1.4,1.74,0
5,39,1,9238,1,1,130.0,1,19,38,9,10,146.0,0,0,0,1,1,0,34,0,0,6,8,5,12.6,0,0,6,11,4,11.25,0,12.4,0.5,1.79,0
1,1,2,9500,1,1,134.0,1,1,1,5,3,128.4,1,0,0,1,0,0,18,0,0,7,7,7,13.471428571428572,0,0,8,9,8,13.944444444444445,0,16.2,0.3,-0.92,0
1,1,3,9238,1,1,137.0,62,1,1,9,9,129.3,0,0,0,1,0,1,21,1,0,6,8,6,13.875,0,0,6,7,6,14.142857142857142,0,16.2,0.3,-0.92,0
1,1,1,9254,1,1,115.0,1,19,1,3,7,113.6,0,0,0,1,1,0,23,0,0,6,10,6,13.0,0,0,6,9,6,12.0,0,11.1,0.6,2.02,2
1,17,4,9070,1,1,160.0,1,1,19,5,7,155.5,1,0,0,1,0,0,18,0,0,6,6,6,14.0,0,0,6,6,6,15.0,0,11.1,0.6,2.02,0
2,39,1,9853,1,19,133.1,1,37,19,3,7,100.0,0,0,0,1,0,0,45,0,0,6,11,3,12.333333333333334,0,0,6,13,2,11.0,0,7.6,2.6,0.32,1
1,1,1,171,1,1,151.0,41,3,3,2,5,161.9,1,0,0,1,0,1,19,1,0,0,0,0,0.0,0,0,0,0,0,0.0,0,13.9,-0.3,0.79,0
1,1,1,9070,1,1,132.0,1,4,39,2,2,136.6,1,0,0,1,0,0,18,0,1,6,10,6,11.714285714285714,1,0,6,15,6,10.375,0,13.9,-0.3,0.79,2
2,39,1,9003,1,19,133.1,1,19,37,9,10,120.0,0,0,1,1,0,0,37,0,0,6,10,6,12.875,0,0,6,12,6,12.9,0,16.2,0.3,-0.92,2
1,17,2,9773,1,1,115.0,1,1,1,5,5,119.6,1,0,0,1,0,1,22,0,0,6,11,5,12.0,0,0,6,11,5,11.0,0,7.6,2.6,0.32,1
1,17,1,9130,1,1,157.0,1,3,2,3,6,150.9,1,0,0,1,0,0,18,0,0,6,8,6,15.0,0,0,6,8,5,15.166666666666666,0,13.9,-0.3,0.79,1
1,39,1,8014,0,1,133.1,1,34,5,0,1,118.5,1,0,0,1,0,0,31,0,0,6,12,0,0.0,0,0,6,0,0,0.0,0,7.6,2.6,0.32,1
1,44,1,9070,1,39,100.0,1,1,38,4,6,104.8,0,0,1,0,0,0,22,0,2,7,9,5,11.6,0,5,9,9,5,10.0,0,12.4,0.5,1.79,1
1,17,1,9773,1,1,122.0,1,1,1,4,7,116.8,1,0,1,1,0,0,18,0,0,6,6,6,11.666666666666666,0,0,6,6,6,12.333333333333334,0,16.2,0.3,-0.92,0
1,17,2,9119,1,1,120.0,1,10,12,9,9,120.4,1,0,0,1,1,0,20,0,0,5,6,3,11.0,0,0,5,6,0,0.0,0,10.8,1.4,1.74,1
1,18,1,9070,1,1,117.0,1,1,37,4,7,127.9,1,0,0,1,1,0,20,0,0,6,6,0,0.0,0,0,6,6,0,0.0,0,9.4,-0.8,-3.12,1
1,1,1,9238,1,1,130.0,1,1,1,4,4,124.8,0,0,0,1,0,1,18,0,0,6,9,6,11.5,0,0,6,11,5,14.0,0,11.1,0.6,2.02,0
1,17,4,9500,1,1,137.0,1,1,37,9,9,128.4,1,0,0,1,0,1,19,0,0,7,7,7,13.385714285714286,0,0,8,8,8,15.925,0,13.9,-0.3,0.79,0
1,39,1,9003,1,19,133.1,1,37,37,9,10,120.0,0,0,1,0,1,0,38,0,0,6,8,0,0.0,0,0,6,10,0,0.0,0,16.2,0.3,-0.92,1
1,17,3,9119,1,1,130.0,1,1,38,3,3,129.3,0,0,0,1,1,1,18,0,0,5,5,5,13.0,0,0,5,5,5,14.2,0,8.9,1.4,3.51,0
1,1,3,9500,1,1,139.0,1,1,19,9,3,130.3,1,0,0,1,0,1,18,0,0,8,8,8,14.15375,0,0,8,8,8,14.15375,0,9.4,-0.8,-3.12,0
1,51,1,9500,1,1,170.0,1,1,1,4,10,125.0,0,0,0,1,1,0,20,0,0,7,7,7,15.66,0,7,10,11,9,15.011111111111113,0,11.1,0.6,2.02,0
1,44,1,9130,1,39,120.0,1,3,1,2,4,120.0,1,0,0,1,0,0,20,0,0,6,6,0,0.0,0,0,6,6,0,0.0,0,12.4,0.5,1.79,1
1,1,3,9147,1,1,127.0,1,1,38,5,7,123.5,1,0,0,1,0,1,19,0,0,5,5,5,11.6,0,0,5,11,3,12.666666666666666,0,9.4,-0.8,-3.12,2
1,1,1,9500,1,1,136.0,1,1,19,5,7,136.4,0,0,0,1,0,1,19,0,0,7,8,7,12.8375,0,0,8,8,8,15.5,0,13.9,-0.3,0.79,0
1,17,1,9119,1,1,142.0,1,19,38,9,7,127.3,0,0,0,1,1,0,18,0,0,5,10,3,11.0,0,0,5,6,3,11.0,1,16.2,0.3,-0.92,2
1,1,4,9773,1,1,124.0,1,3,12,2,9,137.0,1,0,0,1,1,0,20,0,0,6,6,6,16.833333333333332,0,0,6,6,6,16.666666666666668,0,8.9,1.4,3.51,0
1,51,1,9070,1,1,117.0,1,5,1,2,10,120.0,1,0,0,1,0,0,21,0,0,6,7,5,12.2,0,0,6,7,4,12.6,0,8.9,1.4,3.51,2
1,1,3,9773,1,1,121.0,1,19,19,3,3,116.1,0,0,0,1,0,1,18,0,0,6,6,6,13.166666666666666,0,0,6,6,6,12.166666666666666,0,12.4,0.5,1.79,0
1,1,2,9670,1,1,135.0,1,1,3,4,3,133.3,0,0,0,1,0,0,19,0,0,5,5,5,13.0,0,0,5,5,5,13.2,0,9.4,-0.8,-3.12,0
1,44,1,9238,1,39,140.0,1,19,19,8,8,144.3,1,0,0,1,0,1,19,0,3,6,7,6,13.142857142857142,0,2,6,6,6,14.333333333333334,0,12.4,0.5,1.79,0
1,17,1,9147,1,1,117.0,1,37,37,9,9,109.3,0,0,0,0,0,0,22,0,0,5,9,2,10.0,1,0,5,11,1,10.0,0,9.4,-0.8,-3.12,1
2,1,1,9254,1,1,140.0,1,19,38,4,7,133.0,0,0,0,1,1,0,33,0,3,9,11,9,12.8,0,2,7,9,7,11.428571428571429,0,12.7,3.7,-1.7,0
1,1,1,9070,1,1,128.0,1,19,2,7,3,126.3,1,0,0,1,0,0,19,0,0,6,6,6,13.166666666666666,0,0,6,6,6,12.666666666666666,0,15.5,2.8,-4.06,0
1,1,1,9085,1,1,138.0,1,1,1,4,7,132.1,1,0,0,1,0,0,19,0,0,5,9,4,13.75,0,0,5,13,4,14.333333333333334,2,10.8,1.4,1.74,0
1,43,1,9085,1,1,110.0,1,3,19,4,6,105.0,0,0,1,0,1,0,34,0,2,6,13,3,11.333333333333334,0,0,6,8,2,11.5,0,13.9,-0.3,0.79,1
1,1,2,9500,1,1,126.0,1,1,38,4,7,124.3,1,0,0,1,0,1,20,0,0,8,8,8,12.98125,0,0,8,8,8,12.98125,0,9.4,-0.8,-3.12,0
1,1,1,171,1,1,124.0,1,2,2,3,2,118.4,1,0,0,1,1,0,18,0,0,0,0,0,0.0,0,0,0,0,0,0.0,0,7.6,2.6,0.32,2
1,1,1,9070,1,1,130.0,41,37,19,9,8,125.5,1,0,0,1,0,1,19,1,0,6,6,6,14.166666666666666,0,0,6,6,6,13.5,0,11.1,0.6,2.02,0
1,17,5,9070,1,1,125.0,1,19,1,5,5,122.6,1,0,0,1,1,0,22,0,0,6,6,1,11.0,0,0,6,6,0,0.0,0,9.4,-0.8,-3.12,2
1,39,1,9556,1,19,100.0,1,37,38,9,9,120.0,0,0,0,1,0,0,29,0,0,7,9,1,10.0,0,0,7,0,0,0.0,0,12.7,3.7,-1.7,1
1,17,2,9147,1,1,125.0,1,19,38,9,7,116.3,1,0,0,1,1,0,19,0,0,5,8,5,13.25,0,0,5,8,5,11.0,0,13.9,-0.3,0.79,0
1,39,1,9085,1,1,150.0,1,19,19,4,10,100.0,0,0,0,1,0,0,24,0,1,6,11,5,13.0,0,1,6,12,1,12.0,0,13.9,-0.3,0.79,1
2,43,1,9130,1,9,133.1,1,34,34,0,0,128.2,0,0,0,1,1,0,28,0,0,5,9,0,0.0,0,0,5,5,0,0.0,0,7.6,2.6,0.32,1
1,43,1,9670,1,1,141.0,1,3,2,2,2,133.3,1,0,0,1,1,0,18,0,0,6,13,4,13.75,0,0,6,8,5,11.2,0,13.9,-0.3,0.79,2
1,1,1,9147,1,1,140.0,1,19,19,7,3,120.0,1,0,0,1,1,0,21,0,0,5,8,3,10.0,0,0,5,10,4,11.0,0,12.7,3.7,-1.7,1
1,1,1,9070,1,1,182.0,1,19,1,5,7,156.8,1,0,0,1,0,0,18,0,0,6,6,6,12.666666666666666,0,0,6,8,6,13.25,0,10.8,1.4,1.74,0
1,1,3,171,1,1,129.0,1,38,37,9,3,127.3,1,0,1,0,1,1,19,0,0,0,0,0,0.0,0,0,0,0,0,0.0,0,9.4,-0.8,-3.12,1
1,1,1,9085,1,1,113.0,1,1,1,4,4,106.7,1,0,0,1,0,0,20,0,0,6,15,4,14.2,0,0,6,17,4,13.25,0,15.5,2.8,-4.06,1
1,1,6,9500,1,1,118.0,1,38,38,5,5,114.2,1,0,0,1,0,0,20,0,0,7,9,6,13.683333333333332,0,0,8,11,6,13.116666666666667,0,11.1,0.6,2.02,0
1,39,1,8014,0,1,133.1,1,34,34,0,0,97.5,1,0,0,1,1,0,29,0,0,6,10,0,0.0,1,0,5,10,0,0.0,0,7.6,2.6,0.32,1
1,17,1,9773,1,1,145.0,1,1,38,90,8,132.8,1,0,0,0,1,0,21,0,0,6,10,2,12.0,0,0,6,0,0,0.0,0,10.8,1.4,1.74,1
1,39,1,9238,1,1,170.0,1,38,19,9,9,140.0,1,0,0,1,0,0,24,0,0,6,9,4,15.75,0,0,6,10,5,16.4,0,9.4,-0.8,-3.12,2
1,17,3,9238,1,1,131.0,1,1,39,5,3,122.6,1,0,0,1,0,0,18,0,0,6,7,6,13.0,0,0,6,6,6,13.666666666666666,0,12.4,0.5,1.79,0
1,1,4,9147,1,1,117.0,1,1,38,8,9,117.0,1,0,0,1,1,0,19,0,0,5,5,4,10.75,0,0,5,6,4,12.25,0,12.4,0.5,1.79,2
1,44,1,9003,1,39,170.0,1,19,19,5,5,170.0,1,0,0,1,1,0,20,0,0,6,8,6,14.5,0,0,6,10,6,15.3,0,16.2,0.3,-0.92,0
2,42,1,9070,1,1,170.0,1,37,25,0,4,148.5,0,0,0,1,1,0,47,0,8,10,14,8,14.625,0,5,7,7,5,13.4,0,9.4,-0.8,-3.12,1
1,1,1,9773,1,1,140.0,1,19,37,9,6,135.8,1,0,0,1,0,1,19,0,0,6,6,6,13.0,0,0,6,7,6,13.0,0,10.8,1.4,1.74,0
1,18,1,9147,1,1,147.0,1,19,1,9,7,139.3,1,0,0,1,1,0,20,0,0,5,0,0,0.0,0,0,5,0,0,0.0,0,12.4,0.5,1.79,1
1,1,1,9773,1,1,135.0,1,1,19,4,10,129.4,1,0,0,1,0,0,18,0,0,6,6,6,12.833333333333334,0,0,6,7,6,12.166666666666666,0,11.1,0.6,2.02,0
1,1,5,9500,1,1,144.0,1,19,38,4,8,141.3,1,0,0,1,0,1,18,0,0,8,9,8,13.31,1,0,8,9,8,13.31,1,9.4,-0.8,-3.12,0
1,1,1,9238,1,1,116.0,1,38,38,9,8,108.7,1,0,0,1,1,0,18,0,0,6,9,5,11.0,0,0,6,12,0,0.0,0,11.1,0.6,2.02,1
1,51,1,9238,1,39,140.0,1,38,38,5,7,129.1,1,0,0,1,0,1,20,0,6,11,11,11,12.818181818181818,0,6,11,11,11,13.545454545454543,0,12.4,0.5,1.79,0
1,1,2,9500,1,1,116.0,1,19,37,3,3,109.0,1,0,0,1,0,1,23,0,0,7,8,6,12.993333333333334,0,0,8,9,8,12.66875,0,11.1,0.6,2.02,0
1,39,1,9085,1,1,133.1,1,1,19,9,9,162.3,1,0,0,1,0,0,24,0,0,6,10,2,11.0,0,0,6,6,0,0.0,0,8.9,1.4,3.51,1
1,1,1,9500,1,1,133.1,1,38,38,5,10,101.0,0,0,0,1,1,0,20,0,0,7,14,5,12.87857142857143,0,0,8,15,7,11.85625,0,15.5,2.8,-4.06,0
1,1,5,9238,1,1,126.0,1,38,1,9,5,125.7,1,0,0,1,0,1,19,0,0,6,8,6,11.0,0,0,6,13,3,11.0,0,9.4,-0.8,-3.12,0
1,1,1,9853,1,1,115.0,1,19,38,9,9,108.0,0,0,0,1,0,1,19,0,0,7,10,6,13.0,0,0,7,7,7,13.285714285714286,0,12.4,0.5,1.79,0
1,1,1,9773,1,1,130.0,1,38,37,9,6,133.9,0,0,0,1,1,1,19,0,0,6,8,5,14.0,0,0,6,8,6,13.0,0,10.8,1.4,1.74,0
2,39,1,9500,1,3,130.0,1,1,1,4,6,126.0,0,0,0,1,1,0,32,0,0,7,7,7,13.62857142857143,0,0,8,8,8,13.9125,0,13.9,-0.3,0.79,0
1,17,2,9670,1,1,129.0,1,19,19,5,4,129.4,0,0,0,1,0,1,19,0,0,6,7,5,11.2,0,0,6,10,5,13.125,0,10.8,1.4,1.74,1
1,17,2,9130,1,1,127.0,1,3,1,2,1,116.5,0,0,0,1,0,0,19,0,0,6,0,0,0.0,0,0,6,0,0,0.0,0,15.5,2.8,-4.06,1
1,43,1,9238,1,1,143.0,1,1,37,5,9,126.6,0,0,1,0,0,0,21,0,5,10,18,8,11.5,0,0,6,12,4,10.0,0,9.4,-0.8,-3.12,2
1,1,1,9670,1,1,123.0,1,19,19,9,8,125.5,0,0,0,0,0,1,19,0,0,6,6,6,13.833333333333334,0,0,6,7,6,14.285714285714286,0,8.9,1.4,3.51,0
1,1,4,9773,1,1,124.0,1,19,37,99,90,124.0,0,0,0,0,0,0,18,0,0,4,4,0,0.0,0,0,4,4,0,0.0,0,12.7,3.7,-1.7,1
1,39,1,9500,1,1,133.1,1,19,19,5,6,121.4,0,0,1,1,0,0,28,0,0,7,12,4,13.375,0,0,7,7,5,13.5,0,13.9,-0.3,0.79,2
1,39,1,9670,1,19,133.1,1,1,1,4,7,100.0,0,0,1,0,0,0,25,0,0,5,5,5,11.2,0,0,5,5,5,12.6,0,9.4,-0.8,-3.12,1
1,1,2,9773,1,1,143.0,1,1,1,4,9,144.1,1,0,0,1,1,1,19,0,0,6,7,6,13.666666666666666,0,0,6,6,6,13.833333333333334,0,12.7,3.7,-1.7,0
1,17,1,9070,1,1,119.0,1,37,38,9,8,124.6,1,0,0,1,0,0,20,0,0,6,6,6,12.5,0,0,6,6,6,12.666666666666666,0,7.6,2.6,0.32,0
1,1,5,9119,1,1,132.0,1,38,19,5,3,119.1,0,0,0,1,0,0,18,0,0,5,11,0,0.0,0,0,5,8,0,0.0,0,9.4,-0.8,-3.12,1
1,1,1,9085,1,1,142.0,1,38,38,9,10,127.0,1,0,0,1,0,0,18,0,0,5,7,3,12.333333333333334,0,0,5,9,5,12.6,0,10.8,1.4,1.74,0
1,44,1,9003,1,39,130.0,1,3,3,7,1,130.0,1,0,0,1,1,0,20,0,0,6,12,4,11.6,0,0,6,11,5,11.5,0,15.5,2.8,-4.06,2
1,39,1,9991,0,1,150.0,1,1,37,4,6,120.0,0,0,0,1,1,0,25,0,0,5,6,4,10.5,0,0,5,6,5,12.0,0,9.4,-0.8,-3.12,0
1,39,1,9670,1,1,133.1,1,19,19,3,3,125.3,0,1,0,1,1,1,30,0,0,6,0,0,0.0,0,0,6,0,0,0.0,0,12.4,0.5,1.79,1
1,1,1,171,1,1,147.0,1,1,12,4,4,148.4,1,0,0,1,1,1,20,0,8,14,15,12,10.923076923076923,0,7,13,14,11,12.181818181818182,0,11.1,0.6,2.02,0
1,1,1,171,1,1,142.0,1,19,19,7,7,142.0,1,0,0,1,0,1,18,0,0,0,0,0,0.0,0,0,0,0,0,0.0,0,13.9,-0.3,0.79,0
1,44,1,9085,1,39,140.0,1,38,37,4,10,140.0,0,0,1,0,0,0,20,0,1,6,13,4,13.0,0,1,6,11,5,12.0,0,16.2,0.3,-0.92,1
1,1,2,9147,1,1,142.0,1,37,38,9,9,137.5,1,0,0,1,1,0,19,0,0,5,10,5,12.0,0,0,5,9,5,11.5,0,13.9,-0.3,0.79,0
1,43,1,9991,0,3,130.0,1,3,1,2,9,130.0,0,0,0,1,1,0,33,0,0,5,5,0,0.0,0,0,5,5,0,0.0,0,12.7,3.7,-1.7,1
1,1,1,171,1,1,133.1,1,1,37,7,7,118.0,0,0,0,1,1,0,22,0,0,0,0,0,0.0,0,0,0,0,0,0.0,0,11.1,0.6,2.02,1
1,39,1,9070,1,1,110.0,1,37,37,7,7,110.2,0,0,0,1,1,0,55,0,0,6,6,6,14.5,0,0,6,6,6,13.5,0,11.1,0.6,2.02,0
1,17,1,9238,1,1,145.0,1,38,38,5,7,138.0,1,0,0,1,0,0,20,0,0,6,11,5,11.2,0,0,6,6,6,12.0,0,9.4,-0.8,-3.12,0
4,43,2,9991,0,38,133.1,1,3,1,2,9,125.4,0,0,0,1,1,0,39,0,0,2,5,0,0.0,0,0,4,4,0,0.0,0,10.8,1.4,1.74,1
1,51,1,8014,0,2,110.0,1,19,38,9,10,110.0,0,0,0,1,1,0,42,0,8,12,12,11,14.454545454545457,0,7,11,11,10,14.2,0,11.1,0.6,2.02,0
1,44,1,9130,1,39,150.0,1,2,1,3,6,150.0,1,0,0,1,1,0,22,0,11,18,32,12,12.857142857142858,1,8,12,15,10,14.3,0,16.2,0.3,-0.92,0
1,44,1,9085,1,39,140.0,1,38,38,9,7,140.0,0,0,0,1,0,0,20,0,2,6,9,6,12.666666666666666,0,1,6,12,2,13.0,0,13.9,-0.3,0.79,2
1,1,4,9670,1,1,125.0,1,1,38,4,7,114.9,1,0,0,1,0,1,19,0,0,6,8,6,13.375,0,0,6,7,6,12.285714285714286,0,11.1,0.6,2.02,0
1,39,1,9003,1,4,160.0,1,3,3,4,2,180.4,0,0,1,1,1,0,24,0,6,12,17,6,12.166666666666666,0,7,12,14,10,13.3,0,12.4,0.5,1.79,1
1,1,1,9853,1,1,113.0,1,38,38,3,7,112.3,0,0,0,1,0,1,20,0,0,7,7,7,12.142857142857142,0,0,7,7,7,12.857142857142858,0,11.1,0.6,2.02,0
1,17,3,9500,1,1,133.0,1,1,1,9,9,128.5,1,0,0,1,0,1,18,0,0,7,7,7,14.868571428571428,0,0,8,9,8,15.11111111111111,0,11.1,0.6,2.02,0
2,7,1,9991,0,43,140.0,1,40,5,3,3,140.0,0,0,0,1,0,0,33,0,2,6,7,6,15.333333333333334,0,0,5,5,5,15.8,0,11.1,0.6,2.02,0
1,43,4,171,1,1,117.0,1,19,12,9,10,109.3,0,0,0,1,1,0,19,0,0,0,0,0,0.0,0,0,0,0,0,0.0,0,9.4,-0.8,-3.12,0
1,1,3,9085,1,1,134.0,1,38,19,9,5,129.1,0,0,0,1,0,0,19,0,0,5,7,3,12.0,0,0,5,7,4,13.5,0,7.6,2.6,0.32,2
1,42,1,9853,1,1,120.0,1,37,38,3,3,113.7,0,0,0,1,0,0,20,0,0,6,8,5,11.0,0,0,6,10,3,10.666666666666666,0,12.7,3.7,-1.7,1
1,1,1,9085,1,1,146.0,1,1,1,9,7,126.0,0,0,0,1,0,0,19,0,0,5,7,3,12.333333333333334,0,0,5,7,4,10.25,0,7.6,2.6,0.32,2
1,1,1,9238,1,1,145.0,1,1,19,9,9,129.3,0,0,1,1,0,1,19,0,0,6,11,3,11.0,0,0,6,9,4,11.25,0,10.8,1.4,1.74,0
1,1,1,9070,1,1,144.0,1,1,1,3,5,127.2,1,0,0,1,0,1,20,0,0,6,6,6,12.666666666666666,0,0,6,8,6,13.0,0,10.8,1.4,1.74,0
1,17,6,9238,1,1,131.0,1,1,3,4,2,131.7,1,0,0,1,0,0,18,0,0,6,8,4,11.75,0,0,6,8,4,12.25,0,9.4,-0.8,-3.12,1
1,1,1,9130,1,1,152.0,1,19,37,9,8,135.6,1,0,0,1,1,0,18,0,0,5,5,5,15.4,0,0,5,5,5,15.6,0,12.7,3.7,-1.7,1
1,1,1,171,1,1,138.0,1,1,40,4,3,149.9,1,0,0,1,0,0,20,0,0,0,0,0,0.0,0,0,0,0,0,0.0,0,11.1,0.6,2.02,0
1,15,1,9670,1,1,133.1,41,1,1,9,5,128.2,0,0,1,0,1,0,18,1,0,6,6,4,11.25,0,0,6,7,3,12.333333333333334,0,8.9,1.4,3.51,1
1,1,1,9147,1,1,117.0,1,19,19,5,7,118.4,0,0,0,1,1,0,20,0,0,5,8,5,10.0,0,0,5,10,2,12.0,0,7.6,2.6,0.32,2
1,18,3,9070,1,1,138.0,1,38,37,9,7,125.1,1,0,0,1,0,1,19,0,0,6,6,6,12.666666666666666,0,0,6,6,6,13.0,0,15.5,2.8,-4.06,0
1,1,3,9773,1,1,131.0,1,1,1,4,4,127.2,1,0,0,1,0,1,18,0,0,6,6,6,13.166666666666666,0,0,6,7,5,13.2,0,12.4,0.5,1.79,1
2,39,1,9003,1,1,130.0,1,1,37,9,1,122.0,0,0,1,0,1,0,25,0,3,10,23,6,11.428571428571429,0,2,7,15,4,12.0,1,15.5,2.8,-4.06,1
1,18,1,9500,1,1,130.0,1,37,38,7,8,119.3,1,0,0,1,0,1,19,0,0,8,8,7,11.4,0,0,8,8,7,11.4,0,10.8,1.4,1.74,0
1,17,4,9147,1,1,133.0,1,1,1,4,5,136.2,1,0,0,1,0,0,19,0,0,5,6,5,12.4,0,0,5,5,5,12.8,0,7.6,2.6,0.32,0
1,17,1,9130,1,1,130.0,1,19,38,4,7,122.5,0,0,0,1,1,0,19,0,0,5,11,4,12.0,1,0,5,9,5,12.6,0,9.4,-0.8,-3.12,0
2,1,1,9500,1,1,137.0,1,3,38,2,4,121.0,0,0,0,1,0,1,19,0,0,8,8,7,14.725714285714288,0,0,8,8,7,14.725714285714288,0,10.8,1.4,1.74,0
1,1,5,9254,1,1,131.0,1,19,37,9,9,123.7,0,0,0,1,0,1,19,0,0,6,8,5,11.666666666666666,0,0,6,7,5,12.2,0,8.9,1.4,3.51,0
1,39,1,9991,0,12,120.0,1,37,38,5,5,155.7,0,0,0,1,1,0,33,0,0,5,5,5,13.2,0,0,5,6,5,14.833333333333334,0,10.8,1.4,1.74,0
1,39,1,9003,1,1,133.1,1,1,1,1,6,120.0,0,0,0,0,1,0,24,0,0,6,0,0,0.0,0,0,6,0,0,0.0,0,13.9,-0.3,0.79,1
1,1,5,9773,1,1,125.0,1,37,3,5,2,126.1,1,0,0,1,1,0,22,0,0,6,10,5,13.4,0,0,6,12,3,10.666666666666666,0,9.4,-0.8,-3.12,2
1,17,1,9130,1,1,156.0,1,2,9,3,5,166.9,0,0,0,1,0,0,18,0,0,5,9,4,11.25,0,0,5,6,4,12.5,0,7.6,2.6,0.32,0
1,1,5,9119,1,1,131.0,1,1,19,4,7,126.8,0,0,0,0,1,1,18,0,0,5,6,5,12.2,0,0,5,8,4,12.0,0,8.9,1.4,3.51,2
1,17,2,9500,1,1,138.0,1,1,38,5,8,132.8,1,0,0,1,0,0,18,0,0,7,9,6,12.385714285714286,0,0,8,9,8,13.755555555555556,0,13.9,-0.3,0.79,0
1,1,3,9254,1,1,121.0,1,19,37,4,7,116.8,1,0,0,1,0,0,21,0,0,6,8,6,11.333333333333334,0,0,6,8,4,12.25,0,11.1,0.6,2.02,0
2,43,1,8014,0,1,110.0,1,37,19,9,3,100.0,0,0,0,1,0,0,34,0,9,11,17,9,12.333333333333334,0,3,7,12,7,12.142857142857142,0,9.4,-0.8,-3.12,0
1,1,1,9070,1,1,153.0,1,3,3,1,2,146.7,1,0,0,1,0,0,18,0,0,6,6,6,13.666666666666666,0,0,6,6,5,14.0,0,12.7,3.7,-1.7,0
1,1,2,9500,1,1,140.0,1,1,19,7,7,129.9,1,0,0,1,0,0,18,0,0,7,8,7,12.92875,0,0,8,8,8,14.0625,0,15.5,2.8,-4.06,1
2,39,2,9147,1,1,130.0,1,19,37,4,7,140.0,0,0,0,1,1,0,34,0,0,5,10,3,11.666666666666666,1,0,5,7,4,12.75,0,9.4,-0.8,-3.12,0
1,1,1,9119,1,1,140.0,1,37,19,9,9,166.0,1,0,1,1,1,0,20,0,0,5,7,0,0.0,0,0,5,5,0,0.0,0,9.4,-0.8,-3.12,2
1,1,1,9085,1,1,123.0,1,30,19,4,90,122.3,0,0,0,1,0,0,18,0,0,5,6,5,14.2,0,0,5,7,5,11.8,0,7.6,2.6,0.32,0
1,1,1,9773,1,1,125.0,1,3,19,2,3,125.7,1,0,0,1,0,0,19,0,0,6,6,6,13.0,0,0,6,7,6,11.666666666666666,0,8.9,1.4,3.51,0
1,39,1,9556,1,19,133.1,1,19,1,7,10,105.0,0,0,0,1,1,0,25,0,0,7,14,4,12.95,1,0,7,11,4,13.125,1,15.5,2.8,-4.06,1
1,42,1,8014,0,1,120.0,1,37,38,90,7,120.0,1,0,0,1,0,0,30,0,9,11,19,9,13.444444444444445,1,5,7,7,7,14.714285714285714,0,7.6,2.6,0.32,1
1,1,1,9147,1,1,120.0,1,1,19,7,7,111.3,0,0,0,1,1,1,18,0,0,5,10,4,10.8,0,0,5,10,4,11.75,0,15.5,2.8,-4.06,2
1,17,2,9147,1,1,133.0,1,19,1,9,3,120.1,1,0,0,1,0,1,18,0,0,5,15,2,10.0,0,0,5,14,2,12.0,0,13.9,-0.3,0.79,1
1,43,1,9130,1,1,125.0,1,39,3,3,2,125.0,1,0,0,1,0,0,21,0,0,5,6,0,0.0,5,0,5,6,4,13.75,1,10.8,1.4,1.74,0
1,1,2,9773,1,1,132.0,1,1,2,9,3,128.2,1,0,0,1,0,1,19,0,0,6,7,6,12.333333333333334,0,0,6,6,6,13.5,0,9.4,-0.8,-3.12,0
1,17,3,9500,1,1,138.0,1,3,3,4,5,130.0,1,0,0,1,0,0,18,0,0,7,8,7,14.85,0,0,8,8,8,15.2,0,13.9,-0.3,0.79,1
4,42,1,9147,1,1,110.0,1,37,37,9,9,128.2,0,0,0,1,0,0,41,0,8,14,24,11,12.25,3,5,10,12,10,13.4,0,9.4,-0.8,-3.12,0
1,1,1,171,1,1,131.0,1,19,19,9,9,134.9,1,0,1,1,0,0,20,0,0,0,0,0,0.0,0,0,0,0,0,0.0,0,16.2,0.3,-0.92,1
1,1,1,9130,1,1,133.0,1,1,37,9,9,123.2,1,0,0,1,0,1,19,0,0,6,8,6,13.333333333333334,0,0,6,7,6,13.666666666666666,0,8.9,1.4,3.51,0
1,17,1,9238,1,1,120.0,1,19,19,4,5,114.8,1,0,1,0,0,0,19,0,0,6,10,5,11.714285714285714,0,0,6,13,2,10.666666666666666,0,16.2,0.3,-0.92,1
2,7,1,9070,1,43,140.0,1,37,1,9,7,140.0,0,0,0,1,0,0,33,0,0,6,7,6,15.0,0,0,6,8,3,11.0,0,11.1,0.6,2.02,0
1,1,3,9500,1,1,138.0,1,19,19,5,8,124.9,1,0,0,1,0,1,18,0,0,7,9,7,13.2375,0,0,8,9,7,13.742857142857144,0,13.9,-0.3,0.79,1
4,39,1,9238,1,1,120.0,1,37,37,9,9,125.5,1,0,0,1,0,1,39,0,0,6,7,6,14.0,0,0,6,7,5,14.8,0,12.7,3.7,-1.7,0
1,1,1,9853,1,1,133.1,1,19,37,9,9,95.0,1,0,1,0,0,0,22,0,0,7,10,6,11.5,0,0,7,8,6,13.166666666666666,0,11.1,0.6,2.02,2
1,17,2,9773,1,1,139.0,1,3,1,2,7,124.0,1,0,0,1,0,1,20,0,0,6,6,6,14.0,0,0,6,7,6,13.857142857142858,0,15.5,2.8,-4.06,1
1,1,2,9254,1,1,127.0,1,3,19,3,10,130.9,1,0,0,1,0,0,18,0,0,6,8,6,11.333333333333334,0,0,6,8,5,12.6,0,9.4,-0.8,-3.12,0
1,17,3,9070,1,1,145.0,1,3,3,4,4,153.1,1,0,0,1,0,1,20,0,0,6,6,6,12.5,0,0,6,6,6,14.333333333333334,0,12.7,3.7,-1.7,2
1,17,1,9147,1,1,136.0,1,1,1,9,3,122.7,1,0,0,1,1,0,18,0,0,5,6,5,12.0,0,0,5,7,4,12.5,0,15.5,2.8,-4.06,2
1,39,1,9003,1,19,133.1,1,37,37,9,7,100.0,0,0,0,1,1,0,35,0,17,18,20,18,11.555555555555555,0,11,13,13,13,11.615384615384617,0,15.5,2.8,-4.06,0
1,39,1,9147,1,1,120.0,1,37,1,9,1,122.7,0,0,0,0,0,0,25,0,0,5,5,0,0.0,0,0,5,9,0,0.0,0,10.8,1.4,1.74,1
1,51,1,9085,1,40,120.0,1,3,3,4,2,125.0,0,0,0,1,0,0,28,0,0,6,8,6,14.428571428571429,0,0,6,12,4,15.6,0,11.1,0.6,2.02,2
1,1,2,171,1,1,136.0,1,39,1,3,4,134.3,1,0,1,1,0,0,19,0,0,0,0,0,0.0,0,0,0,0,0,0.0,0,12.4,0.5,1.79,1
1,1,3,9500,1,1,145.0,1,19,37,7,7,141.5,1,0,0,1,0,1,18,0,0,8,8,8,13.05875,0,0,8,8,8,13.05875,0,9.4,-0.8,-3.12,0
1,1,4,9500,1,1,129.0,1,37,37,9,9,117.1,1,0,0,1,0,0,30,0,0,7,7,7,14.692857142857145,0,0,8,8,8,14.9625,0,12.4,0.5,1.79,0
1,1,1,9500,1,1,130.0,1,19,19,9,6,135.0,0,0,0,1,0,0,19,0,0,7,7,6,14.266666666666666,0,0,7,7,6,14.266666666666666,0,7.6,2.6,0.32,0
1,1,1,9085,1,1,134.0,1,1,1,2,7,128.4,1,0,0,1,0,1,18,0,0,5,12,5,12.857142857142858,2,0,5,8,4,13.25,0,9.4,-0.8,-3.12,0
1,17,1,9556,1,1,133.0,1,38,37,9,9,124.4,1,0,0,1,0,1,18,0,0,7,7,7,13.3,0,0,8,8,8,15.125,0,15.5,2.8,-4.06,0
1,39,1,9003,1,1,140.0,1,1,3,4,5,130.0,0,0,0,1,1,0,25,0,0,6,8,0,0.0,0,0,6,10,0,0.0,0,16.2,0.3,-0.92,1
1,1,2,9238,1,1,122.0,1,37,38,4,7,118.2,1,0,0,1,0,0,19,0,0,6,0,0,0.0,0,0,6,0,0,0.0,0,16.2,0.3,-0.92,1
1,44,1,9070,1,39,123.9,1,37,1,9,7,123.9,0,0,0,1,1,0,20,0,2,7,9,5,12.6,0,5,9,10,8,12.75,1,16.2,0.3,-0.92,1
1,10,1,9085,1,1,140.0,1,19,19,4,5,140.0,1,0,0,1,0,0,21,0,0,5,6,5,14.2,0,0,5,5,5,14.8,0,10.8,1.4,1.74,0
1,1,3,9085,1,1,138.0,1,1,3,4,4,126.3,1,0,0,1,0,0,18,0,0,6,8,6,14.0,0,0,6,9,6,13.333333333333334,0,8.9,1.4,3.51,0
1,39,1,9991,0,19,133.1,1,37,37,9,6,105.3,0,0,1,1,0,0,28,0,0,5,14,2,10.5,0,0,5,6,0,0.0,0,12.4,0.5,1.79,1
4,43,1,8014,0,1,140.0,1,38,37,9,9,126.0,0,0,0,1,0,1,39,0,3,9,9,9,13.11111111111111,0,2,7,10,7,11.714285714285714,0,12.7,3.7,-1.7,0
1,1,3,9147,1,1,143.0,1,1,1,5,7,133.2,1,0,0,1,0,1,18,0,0,5,11,4,14.25,0,0,5,7,4,12.5,0,12.7,3.7,-1.7,0
1,5,1,9147,1,1,126.0,1,19,38,5,6,117.3,1,0,0,1,0,0,19,0,0,5,15,3,10.8,0,0,5,6,3,10.5,0,13.9,-0.3,0.79,2
1,17,1,9670,1,1,115.0,1,19,19,191,171,109.1,0,0,1,0,1,0,21,0,0,6,11,4,12.25,0,0,6,9,4,13.4,0,11.1,0.6,2.02,2
1,17,1,9147,1,1,136.0,1,1,1,4,4,124.1,0,0,0,1,0,0,18,0,0,5,8,5,12.4,0,0,5,6,5,10.8,0,8.9,1.4,3.51,0
2,39,1,9147,1,1,140.0,1,38,37,4,7,130.0,1,0,0,0,0,0,39,0,0,5,12,3,10.666666666666666,2,0,5,15,3,10.666666666666666,0,9.4,-0.8,-3.12,1
1,1,1,9147,1,1,158.0,1,19,37,9,7,130.0,1,0,0,1,0,0,20,0,0,5,8,4,11.25,0,0,5,7,5,10.4,0,7.6,2.6,0.32,0
1,42,1,9119,1,1,120.0,1,34,34,0,0,128.2,1,0,0,1,1,0,35,0,6,10,12,7,11.285714285714286,0,2,8,8,5,13.0,0,9.4,-0.8,-3.12,1
1,1,6,9500,1,1,151.0,1,3,1,2,1,129.8,1,0,0,1,1,0,18,0,0,8,10,8,13.05375,2,0,8,10,8,13.05375,2,9.4,-0.8,-3.12,0
1,17,2,9670,1,1,110.0,1,1,1,4,10,115.3,1,0,0,1,1,0,19,0,0,6,8,6,13.857142857142858,0,0,6,8,5,13.0,0,15.5,2.8,-4.06,0
1,17,1,9238,1,1,128.0,1,19,1,0,5,122.1,1,0,0,1,0,0,18,0,0,6,9,5,11.833333333333334,0,0,6,7,5,13.8,0,13.9,-0.3,0.79,0
1,17,5,9670,1,1,115.0,1,1,19,5,5,117.1,0,0,0,1,0,0,21,0,0,5,7,3,12.666666666666666,0,0,5,6,4,12.75,1,7.6,2.6,0.32,2
1,17,1,9070,1,1,126.0,1,19,38,9,7,118.7,0,0,0,1,0,0,18,0,0,6,7,5,11.8,0,0,6,6,6,12.666666666666666,0,16.2,0.3,-0.92,0
1,1,5,9500,1,1,151.0,1,1,1,9,9,127.8,0,0,0,1,0,1,18,0,0,8,8,7,13.671428571428573,0,0,8,8,7,13.671428571428573,0,12.7,3.7,-1.7,0
1,44,1,9003,1,39,130.0,1,2,3,9,6,130.0,0,0,0,1,1,0,20,0,0,6,12,4,10.8,0,0,6,13,4,12.0,0,12.4,0.5,1.79,2
1,39,1,9670,1,1,133.1,1,19,19,3,9,118.0,0,0,0,1,1,0,27,0,0,6,7,6,14.0,0,0,6,7,6,14.714285714285714,0,8.9,1.4,3.51,0
1,44,1,9085,1,39,150.0,1,19,37,4,7,150.0,1,0,0,1,0,0,19,0,2,6,8,6,14.142857142857142,0,1,6,7,6,13.0,0,13.9,-0.3,0.79,0
1,1,1,9085,1,1,131.0,1,37,37,9,6,130.7,0,0,1,1,0,0,21,0,0,5,9,2,11.5,0,0,5,13,4,11.0,1,10.8,1.4,1.74,2
1,17,4,9500,1,1,138.0,1,4,1,2,1,133.0,1,0,0,1,0,0,18,0,0,8,8,0,0.0,5,0,8,8,0,0.0,5,9.4,-0.8,-3.12,2
1,39,1,9991,0,19,133.1,1,2,1,2,4,100.0,0,0,0,1,1,0,24,0,0,5,7,0,0.0,0,0,5,7,0,0.0,0,16.2,0.3,-0.92,1
2,42,1,9500,1,2,130.0,1,37,37,9,9,130.0,0,0,0,1,0,1,32,0,0,8,8,8,14.6625,0,0,8,8,8,14.6625,0,9.4,-0.8,-3.12,0
1,1,5,9500,1,1,135.0,1,37,37,7,7,124.0,1,0,0,1,0,1,19,0,0,8,8,7,12.771428571428572,1,0,8,8,7,12.771428571428572,1,9.4,-0.8,-3.12,2
1,1,1,171,1,1,162.0,1,37,37,9,9,142.8,1,0,0,1,1,0,21,0,0,0,0,0,0.0,0,0,0,0,0,0.0,0,12.7,3.7,-1.7,1
1,7,1,8014,0,3,140.0,1,37,12,9,4,140.0,0,0,0,0,0,0,26,0,0,5,9,0,0.0,0,0,5,10,0,0.0,0,9.4,-0.8,-3.12,1
1,43,1,33,1,19,133.1,1,38,38,4,4,140.0,0,0,1,1,1,0,35,0,3,10,18,6,12.666666666666666,0,1,9,11,3,12.0,2,16.2,0.3,-0.92,1
1,1,4,9500,1,1,136.0,1,1,1,9,9,123.8,1,0,0,1,0,1,19,0,0,8,8,7,13.314285714285717,0,0,8,8,7,13.314285714285717,0,12.7,3.7,-1.7,0
1,1,3,9070,1,1,125.0,1,1,38,9,7,118.0,0,0,0,1,0,1,18,0,0,6,6,6,14.333333333333334,0,0,6,7,6,14.0,0,11.1,0.6,2.02,2
1,1,1,9238,1,1,136.0,1,19,38,9,9,121.7,0,1,0,1,0,1,20,0,0,6,9,6,11.875,0,0,6,7,6,14.428571428571429,0,16.2,0.3,-0.92,0
1,1,2,9670,1,1,135.0,1,19,19,7,10,121.4,0,0,0,1,1,0,19,0,0,5,7,3,12.333333333333334,0,0,5,5,5,11.6,0,9.4,-0.8,-3.12,0
1,1,1,9853,1,1,153.0,1,1,19,9,4,139.7,1,0,0,1,0,1,19,0,0,7,7,7,13.428571428571429,0,0,7,7,7,14.857142857142858,0,11.1,0.6,2.02,0
2,39,1,9991,0,3,140.0,1,19,19,9,7,152.4,0,0,0,1,0,0,26,0,0,5,5,5,12.0,0,0,5,6,5,14.833333333333334,0,10.8,1.4,1.74,0
1,1,1,9773,1,1,127.0,1,1,19,7,7,121.8,1,0,0,1,0,1,20,0,0,6,11,4,14.0,0,0,6,12,3,11.0,0,9.4,-0.8,-3.12,2
1,43,1,9670,1,1,160.0,1,34,34,99,99,100.1,0,0,0,0,1,0,35,0,6,10,10,7,12.142857142857142,0,4,9,9,4,12.25,0,7.6,2.6,0.32,1
1,42,1,9500,1,1,100.0,1,19,37,5,7,134.3,1,0,0,1,0,0,28,0,12,17,21,17,13.394736842105264,0,11,17,19,17,13.554736842105264,0,16.2,0.3,-0.92,0
1,1,1,9500,1,1,132.0,1,19,2,9,3,126.0,1,0,0,1,0,0,19,0,0,7,7,6,12.183333333333332,0,0,7,7,6,12.183333333333332,0,7.6,2.6,0.32,0
1,1,5,9119,1,1,126.0,1,12,19,4,5,122.5,1,0,0,1,1,0,19,0,0,5,12,3,12.0,0,0,5,10,3,12.0,0,12.4,0.5,1.79,1
5,39,1,9147,1,1,180.0,1,1,1,4,8,140.5,0,0,1,0,0,0,24,0,0,5,0,0,0.0,0,0,5,0,0,0.0,0,13.9,-0.3,0.79,1
1,43,1,9130,1,1,120.0,6,1,3,9,2,120.0,0,0,1,1,0,0,21,1,2,5,9,5,13.2,2,0,5,7,2,12.5,2,10.8,1.4,1.74,2
1,7,1,9003,1,3,140.0,1,3,19,2,10,140.0,0,0,0,0,1,0,35,0,0,6,10,5,15.2,0,1,6,9,1,11.0,0,15.5,2.8,-4.06,1
1,39,1,9119,1,1,130.0,1,37,3,9,3,137.0,1,0,0,1,1,0,28,0,0,5,11,4,10.5,0,0,5,12,4,11.0,4,7.6,2.6,0.32,2
4,39,1,9670,1,1,110.0,1,19,19,90,99,107.2,0,0,0,1,1,0,42,0,0,6,0,0,0.0,0,0,6,0,0,0.0,0,12.7,3.7,-1.7,1
1,1,5,9500,1,1,125.0,1,1,1,3,8,115.6,1,0,0,1,0,0,18,0,0,7,9,6,12.183333333333332,0,0,7,9,6,11.783333333333331,0,16.2,0.3,-0.92,2
1,39,1,9500,1,1,127.0,1,19,19,5,5,160.0,0,0,0,1,1,0,28,0,0,7,7,7,14.528571428571428,0,0,8,11,8,15.018181818181818,0,16.2,0.3,-0.92,0
1,1,1,171,1,1,137.0,1,19,19,5,5,134.6,1,0,0,1,0,1,19,0,0,0,0,0,0.0,0,0,0,0,0,0.0,0,10.8,1.4,1.74,0
1,1,2,9773,1,1,127.0,1,1,19,4,5,120.4,1,0,0,1,0,0,18,0,0,5,7,2,10.0,0,0,1,1,0,0.0,0,12.7,3.7,-1.7,1
1,1,4,9500,1,1,135.0,1,37,37,9,8,123.0,1,0,0,1,0,1,18,0,0,8,8,7,13.381428571428572,0,0,8,8,7,13.381428571428572,0,10.8,1.4,1.74,0
1,39,1,9556,1,1,120.0,1,19,19,4,5,122.8,0,0,0,1,0,0,26,0,0,7,12,6,12.166666666666666,0,0,8,8,8,11.675,0,13.9,-0.3,0.79,1
1,17,2,9254,1,1,129.0,1,12,37,9,9,122.0,1,0,0,1,0,0,18,0,0,6,15,2,10.0,0,0,6,12,0,0.0,0,10.8,1.4,1.74,1
1,18,4,9085,1,1,170.0,1,1,1,4,5,166.6,0,0,1,0,0,1,20,0,2,5,8,5,14.4,1,0,5,6,5,14.0,0,12.7,3.7,-1.7,1
1,17,4,9070,1,1,116.0,1,38,37,9,9,109.0,0,0,0,1,0,1,23,0,0,6,6,6,13.333333333333334,0,0,6,8,3,12.666666666666666,0,11.1,0.6,2.02,1
1,1,1,9500,1,1,125.0,1,37,37,9,9,126.0,1,0,1,1,0,0,20,0,0,7,7,6,15.4,0,0,7,7,6,15.4,0,7.6,2.6,0.32,0
1,17,5,9670,1,1,127.0,1,3,4,2,2,122.8,0,0,0,1,1,0,20,0,0,6,6,3,12.333333333333334,0,0,6,9,0,0.0,0,10.8,1.4,1.74,1
1,39,1,9003,1,1,140.0,1,37,37,5,5,150.0,0,0,1,1,0,0,34,0,0,6,10,5,13.833333333333334,0,0,6,13,5,12.5,0,16.2,0.3,-0.92,0
2,39,1,9991,0,19,133.1,1,19,19,4,4,150.0,0,0,0,0,1,0,49,0,0,5,8,2,11.0,0,0,5,5,1,11.0,0,15.5,2.8,-4.06,1
1,7,1,9556,1,3,130.0,1,1,37,4,8,130.0,0,0,0,0,1,0,23,0,3,7,7,3,13.666666666666666,0,3,8,8,3,11.333333333333334,4,10.8,1.4,1.74,1
2,39,1,8014,0,19,100.0,1,38,19,0,10,111.3,0,0,1,0,0,0,25,0,0,6,7,6,13.333333333333334,0,0,6,6,6,13.5,0,7.6,2.6,0.32,0
1,43,1,9991,0,1,130.0,1,37,37,9,9,124.0,0,0,0,1,1,0,31,0,1,5,6,5,13.833333333333334,0,0,5,7,5,15.4,0,9.4,-0.8,-3.12,0
